Churn_Prediction,Count,Mean_Probability
0,5292,0.08852213798255337
1,1751,0.7937578116222971
